img_id,total_pieces,pieces_correct,piece_accuracy,perfect_puzzle,success
33553,9,2,0.2222222238779068,False,False
9427,9,6,0.6666666865348816,False,False
199,9,6,0.6666666865348816,False,False
12447,9,7,0.7777777910232544,False,False
39489,9,9,1.0,True,True
42724,9,9,1.0,True,True
10822,9,9,1.0,True,True
49498,9,9,1.0,True,True
4144,9,7,0.7777777910232544,False,False
36958,9,9,1.0,True,True
43106,9,3,0.3333333432674408,False,False
38695,9,6,0.6666666865348816,False,False
6188,9,6,0.6666666865348816,False,False
1414,9,9,1.0,True,True
18471,9,9,1.0,True,True
29282,9,9,1.0,True,True
15177,9,9,1.0,True,True
34304,9,9,1.0,True,True
12609,9,7,0.7777777910232544,False,False
12144,9,9,1.0,True,True
6113,9,9,1.0,True,True
15908,9,6,0.6666666865348816,False,False
821,9,9,1.0,True,True
15118,9,9,1.0,True,True
13466,9,9,1.0,True,True
26497,9,6,0.6666666865348816,False,False
42111,9,9,1.0,True,True
30188,9,6,0.6666666865348816,False,False
37237,9,9,1.0,True,True
33109,9,9,1.0,True,True
36480,9,9,1.0,True,True
24148,9,6,0.6666666865348816,False,False
5503,9,9,1.0,True,True
3918,9,9,1.0,True,True
38478,9,3,0.3333333432674408,False,False
21123,9,6,0.6666666865348816,False,False
49717,9,9,1.0,True,True
42294,9,9,1.0,True,True
47609,9,9,1.0,True,True
11076,9,6,0.6666666865348816,False,False
41514,9,9,1.0,True,True
22062,9,9,1.0,True,True
9413,9,6,0.6666666865348816,False,False
38340,9,9,1.0,True,True
30263,9,6,0.6666666865348816,False,False
41252,9,9,1.0,True,True
14644,9,7,0.7777777910232544,False,False
26335,9,9,1.0,True,True
28102,9,9,1.0,True,True
17523,9,9,1.0,True,True
24712,9,9,1.0,True,True
40485,9,9,1.0,True,True
3850,9,6,0.6666666865348816,False,False
40040,9,6,0.6666666865348816,False,False
15267,9,9,1.0,True,True
49146,9,9,1.0,True,True
30001,9,9,1.0,True,True
45926,9,5,0.5555555820465088,False,False
43824,9,6,0.6666666865348816,False,False
17240,9,9,1.0,True,True
4892,9,9,1.0,True,True
725,9,6,0.6666666865348816,False,False
22949,9,9,1.0,True,True
34657,9,9,1.0,True,True
37213,9,9,1.0,True,True
20304,9,6,0.6666666865348816,False,False
15269,9,7,0.7777777910232544,False,False
22367,9,9,1.0,True,True
42684,9,9,1.0,True,True
46734,9,9,1.0,True,True
11732,9,9,1.0,True,True
18619,9,9,1.0,True,True
48492,9,6,0.6666666865348816,False,False
26803,9,5,0.5555555820465088,False,False
44305,9,9,1.0,True,True
47522,9,6,0.6666666865348816,False,False
32207,9,9,1.0,True,True
2530,9,7,0.7777777910232544,False,False
17746,9,6,0.6666666865348816,False,False
8270,9,7,0.7777777910232544,False,False
15079,9,7,0.7777777910232544,False,False
13624,9,9,1.0,True,True
30638,9,6,0.6666666865348816,False,False
30440,9,3,0.3333333432674408,False,False
36056,9,9,1.0,True,True
42651,9,6,0.6666666865348816,False,False
36803,9,0,0.0,False,False
48224,9,9,1.0,True,True
29226,9,9,1.0,True,True
5633,9,4,0.4444444477558136,False,False
5987,9,9,1.0,True,True
48063,9,6,0.6666666865348816,False,False
1812,9,9,1.0,True,True
27578,9,9,1.0,True,True
16823,9,6,0.6666666865348816,False,False
3928,9,7,0.7777777910232544,False,False
37286,9,9,1.0,True,True
25045,9,9,1.0,True,True
15727,9,6,0.6666666865348816,False,False
29600,9,9,1.0,True,True
10430,9,9,1.0,True,True
25768,9,9,1.0,True,True
29103,9,9,1.0,True,True
36537,9,6,0.6666666865348816,False,False
39328,9,9,1.0,True,True
35539,9,7,0.7777777910232544,False,False
28075,9,9,1.0,True,True
17840,9,6,0.6666666865348816,False,False
27802,9,9,1.0,True,True
7682,9,9,1.0,True,True
24279,9,9,1.0,True,True
33070,9,6,0.6666666865348816,False,False
35557,9,9,1.0,True,True
37189,9,9,1.0,True,True
47149,9,9,1.0,True,True
46915,9,9,1.0,True,True
9801,9,4,0.4444444477558136,False,False
38800,9,9,1.0,True,True
24669,9,6,0.6666666865348816,False,False
44233,9,9,1.0,True,True
31919,9,9,1.0,True,True
7134,9,7,0.7777777910232544,False,False
33704,9,9,1.0,True,True
29660,9,7,0.7777777910232544,False,False
17893,9,9,1.0,True,True
22018,9,6,0.6666666865348816,False,False
13538,9,6,0.6666666865348816,False,False
43118,9,9,1.0,True,True
36420,9,9,1.0,True,True
9405,9,9,1.0,True,True
13413,9,6,0.6666666865348816,False,False
6720,9,7,0.7777777910232544,False,False
15601,9,6,0.6666666865348816,False,False
44743,9,9,1.0,True,True
31138,9,6,0.6666666865348816,False,False
2729,9,9,1.0,True,True
38242,9,9,1.0,True,True
29625,9,6,0.6666666865348816,False,False
47894,9,7,0.7777777910232544,False,False
42090,9,9,1.0,True,True
36399,9,5,0.5555555820465088,False,False
6244,9,9,1.0,True,True
5545,9,9,1.0,True,True
4064,9,9,1.0,True,True
12851,9,9,1.0,True,True
21802,9,6,0.6666666865348816,False,False
41163,9,9,1.0,True,True
6232,9,7,0.7777777910232544,False,False
3862,9,9,1.0,True,True
35094,9,7,0.7777777910232544,False,False
40195,9,9,1.0,True,True
39250,9,6,0.6666666865348816,False,False
6217,9,9,1.0,True,True
36775,9,9,1.0,True,True
42976,9,6,0.6666666865348816,False,False
48467,9,7,0.7777777910232544,False,False
14831,9,4,0.4444444477558136,False,False
30092,9,6,0.6666666865348816,False,False
8893,9,9,1.0,True,True
6020,9,9,1.0,True,True
46088,9,9,1.0,True,True
15242,9,9,1.0,True,True
45307,9,9,1.0,True,True
26550,9,6,0.6666666865348816,False,False
6034,9,6,0.6666666865348816,False,False
7905,9,9,1.0,True,True
32225,9,6,0.6666666865348816,False,False
6017,9,9,1.0,True,True
21879,9,9,1.0,True,True
2791,9,9,1.0,True,True
42605,9,6,0.6666666865348816,False,False
5823,9,9,1.0,True,True
15387,9,6,0.6666666865348816,False,False
29561,9,6,0.6666666865348816,False,False
39475,9,9,1.0,True,True
292,9,6,0.6666666865348816,False,False
16957,9,9,1.0,True,True
30860,9,9,1.0,True,True
14073,9,9,1.0,True,True
21856,9,6,0.6666666865348816,False,False
22079,9,9,1.0,True,True
17023,9,9,1.0,True,True
8739,9,9,1.0,True,True
15825,9,9,1.0,True,True
2741,9,5,0.5555555820465088,False,False
18048,9,9,1.0,True,True
49936,9,9,1.0,True,True
17372,9,7,0.7777777910232544,False,False
22021,9,0,0.0,False,False
46364,9,9,1.0,True,True
23537,9,4,0.4444444477558136,False,False
45499,9,6,0.6666666865348816,False,False
40185,9,6,0.6666666865348816,False,False
9613,9,9,1.0,True,True
43281,9,7,0.7777777910232544,False,False
37891,9,9,1.0,True,True
26178,9,7,0.7777777910232544,False,False
45892,9,7,0.7777777910232544,False,False
20933,9,9,1.0,True,True
40971,9,6,0.6666666865348816,False,False
22224,9,9,1.0,True,True
24381,9,7,0.7777777910232544,False,False
34855,9,6,0.6666666865348816,False,False
48577,9,9,1.0,True,True
38536,9,9,1.0,True,True
31755,9,9,1.0,True,True
7753,9,6,0.6666666865348816,False,False
46638,9,9,1.0,True,True
43834,9,9,1.0,True,True
26235,9,9,1.0,True,True
44229,9,9,1.0,True,True
49596,9,9,1.0,True,True
18552,9,9,1.0,True,True
43136,9,6,0.6666666865348816,False,False
36672,9,9,1.0,True,True
43649,9,7,0.7777777910232544,False,False
3940,9,9,1.0,True,True
31496,9,9,1.0,True,True
26593,9,9,1.0,True,True
23921,9,9,1.0,True,True
26402,9,9,1.0,True,True
45942,9,9,1.0,True,True
48525,9,6,0.6666666865348816,False,False
18315,9,9,1.0,True,True
36893,9,6,0.6666666865348816,False,False
26695,9,7,0.7777777910232544,False,False
42127,9,6,0.6666666865348816,False,False
14170,9,9,1.0,True,True
3732,9,9,1.0,True,True
7881,9,9,1.0,True,True
6016,9,7,0.7777777910232544,False,False
23029,9,6,0.6666666865348816,False,False
35473,9,6,0.6666666865348816,False,False
49685,9,9,1.0,True,True
4817,9,6,0.6666666865348816,False,False
41693,9,6,0.6666666865348816,False,False
12007,9,6,0.6666666865348816,False,False
41327,9,6,0.6666666865348816,False,False
9506,9,9,1.0,True,True
44798,9,9,1.0,True,True
34062,9,6,0.6666666865348816,False,False
27474,9,6,0.6666666865348816,False,False
31143,9,9,1.0,True,True
21235,9,9,1.0,True,True
1390,9,6,0.6666666865348816,False,False
38249,9,9,1.0,True,True
37624,9,9,1.0,True,True
42028,9,6,0.6666666865348816,False,False
20834,9,9,1.0,True,True
14757,9,6,0.6666666865348816,False,False
26396,9,9,1.0,True,True
6808,9,2,0.2222222238779068,False,False
9225,9,9,1.0,True,True
48394,9,6,0.6666666865348816,False,False
5395,9,7,0.7777777910232544,False,False
6943,9,9,1.0,True,True
23870,9,9,1.0,True,True
32492,9,9,1.0,True,True
36345,9,9,1.0,True,True
10755,9,9,1.0,True,True
12301,9,9,1.0,True,True
48386,9,7,0.7777777910232544,False,False
42745,9,9,1.0,True,True
29089,9,6,0.6666666865348816,False,False
44712,9,6,0.6666666865348816,False,False
14343,9,9,1.0,True,True
38172,9,9,1.0,True,True
5071,9,1,0.1111111119389534,False,False
24121,9,9,1.0,True,True
48809,9,9,1.0,True,True
17820,9,6,0.6666666865348816,False,False
1122,9,9,1.0,True,True
11264,9,9,1.0,True,True
30579,9,9,1.0,True,True
45464,9,9,1.0,True,True
48216,9,6,0.6666666865348816,False,False
43044,9,6,0.6666666865348816,False,False
15656,9,9,1.0,True,True
1900,9,9,1.0,True,True
147,9,4,0.4444444477558136,False,False
29642,9,6,0.6666666865348816,False,False
3211,9,6,0.6666666865348816,False,False
43850,9,7,0.7777777910232544,False,False
2354,9,9,1.0,True,True
31520,9,9,1.0,True,True
42583,9,6,0.6666666865348816,False,False
43337,9,7,0.7777777910232544,False,False
45284,9,9,1.0,True,True
46956,9,9,1.0,True,True
48790,9,9,1.0,True,True
36585,9,6,0.6666666865348816,False,False
10465,9,9,1.0,True,True
7821,9,9,1.0,True,True
7205,9,9,1.0,True,True
6413,9,7,0.7777777910232544,False,False
34046,9,9,1.0,True,True
12728,9,9,1.0,True,True
6925,9,9,1.0,True,True
27995,9,9,1.0,True,True
37612,9,9,1.0,True,True
39483,9,7,0.7777777910232544,False,False
3016,9,9,1.0,True,True
1640,9,9,1.0,True,True
8883,9,3,0.3333333432674408,False,False
37601,9,3,0.3333333432674408,False,False
12969,9,6,0.6666666865348816,False,False
23463,9,7,0.7777777910232544,False,False
15757,9,7,0.7777777910232544,False,False
44076,9,9,1.0,True,True
4086,9,9,1.0,True,True
508,9,9,1.0,True,True
6354,9,9,1.0,True,True
29644,9,9,1.0,True,True
20815,9,9,1.0,True,True
6234,9,6,0.6666666865348816,False,False
31989,9,9,1.0,True,True
12995,9,9,1.0,True,True
42501,9,9,1.0,True,True
38920,9,4,0.4444444477558136,False,False
262,9,7,0.7777777910232544,False,False
7891,9,3,0.3333333432674408,False,False
10527,9,6,0.6666666865348816,False,False
18600,9,9,1.0,True,True
24114,9,9,1.0,True,True
33498,9,7,0.7777777910232544,False,False
13471,9,9,1.0,True,True
31725,9,7,0.7777777910232544,False,False
23690,9,9,1.0,True,True
10557,9,9,1.0,True,True
6556,9,9,1.0,True,True
45577,9,7,0.7777777910232544,False,False
41503,9,9,1.0,True,True
27872,9,6,0.6666666865348816,False,False
10810,9,9,1.0,True,True
38214,9,6,0.6666666865348816,False,False
11730,9,5,0.5555555820465088,False,False
27438,9,9,1.0,True,True
21779,9,9,1.0,True,True
34079,9,9,1.0,True,True
22915,9,9,1.0,True,True
8085,9,4,0.4444444477558136,False,False
43467,9,4,0.4444444477558136,False,False
14709,9,9,1.0,True,True
15466,9,9,1.0,True,True
37172,9,9,1.0,True,True
28748,9,9,1.0,True,True
3104,9,2,0.2222222238779068,False,False
708,9,9,1.0,True,True
38385,9,5,0.5555555820465088,False,False
23444,9,6,0.6666666865348816,False,False
26510,9,7,0.7777777910232544,False,False
8466,9,9,1.0,True,True
6230,9,9,1.0,True,True
46358,9,9,1.0,True,True
39357,9,6,0.6666666865348816,False,False
16386,9,9,1.0,True,True
34165,9,9,1.0,True,True
4168,9,7,0.7777777910232544,False,False
5803,9,6,0.6666666865348816,False,False
12753,9,9,1.0,True,True
2189,9,7,0.7777777910232544,False,False
12187,9,9,1.0,True,True
31727,9,6,0.6666666865348816,False,False
19245,9,9,1.0,True,True
37866,9,7,0.7777777910232544,False,False
43514,9,9,1.0,True,True
8718,9,6,0.6666666865348816,False,False
28824,9,6,0.6666666865348816,False,False
24468,9,9,1.0,True,True
48252,9,9,1.0,True,True
7201,9,6,0.6666666865348816,False,False
9282,9,9,1.0,True,True
26820,9,9,1.0,True,True
27373,9,9,1.0,True,True
22492,9,6,0.6666666865348816,False,False
45637,9,9,1.0,True,True
45879,9,4,0.4444444477558136,False,False
29339,9,6,0.6666666865348816,False,False
46547,9,9,1.0,True,True
10803,9,7,0.7777777910232544,False,False
20964,9,9,1.0,True,True
30032,9,7,0.7777777910232544,False,False
5222,9,6,0.6666666865348816,False,False
659,9,6,0.6666666865348816,False,False
33245,9,7,0.7777777910232544,False,False
5865,9,6,0.6666666865348816,False,False
48871,9,6,0.6666666865348816,False,False
22985,9,9,1.0,True,True
28880,9,9,1.0,True,True
47087,9,6,0.6666666865348816,False,False
26527,9,0,0.0,False,False
9647,9,7,0.7777777910232544,False,False
49545,9,9,1.0,True,True
32374,9,6,0.6666666865348816,False,False
26158,9,9,1.0,True,True
11711,9,9,1.0,True,True
27238,9,9,1.0,True,True
18353,9,9,1.0,True,True
49514,9,9,1.0,True,True
21724,9,9,1.0,True,True
25924,9,9,1.0,True,True
41389,9,9,1.0,True,True
4772,9,6,0.6666666865348816,False,False
35204,9,4,0.4444444477558136,False,False
27878,9,6,0.6666666865348816,False,False
5874,9,2,0.2222222238779068,False,False
17804,9,6,0.6666666865348816,False,False
34223,9,6,0.6666666865348816,False,False
7841,9,9,1.0,True,True
15922,9,9,1.0,True,True
28366,9,9,1.0,True,True
12083,9,9,1.0,True,True
20033,9,7,0.7777777910232544,False,False
14487,9,6,0.6666666865348816,False,False
20818,9,6,0.6666666865348816,False,False
37517,9,9,1.0,True,True
44235,9,5,0.5555555820465088,False,False
48650,9,9,1.0,True,True
36235,9,9,1.0,True,True
21069,9,5,0.5555555820465088,False,False
9523,9,6,0.6666666865348816,False,False
32755,9,9,1.0,True,True
12053,9,7,0.7777777910232544,False,False
23593,9,9,1.0,True,True
8037,9,9,1.0,True,True
46976,9,9,1.0,True,True
16399,9,9,1.0,True,True
45785,9,9,1.0,True,True
34615,9,9,1.0,True,True
7624,9,9,1.0,True,True
13661,9,9,1.0,True,True
37736,9,9,1.0,True,True
26541,9,9,1.0,True,True
13267,9,9,1.0,True,True
18082,9,9,1.0,True,True
48085,9,9,1.0,True,True
42767,9,7,0.7777777910232544,False,False
4070,9,9,1.0,True,True
16286,9,6,0.6666666865348816,False,False
1118,9,7,0.7777777910232544,False,False
10074,9,9,1.0,True,True
11373,9,6,0.6666666865348816,False,False
32684,9,9,1.0,True,True
46433,9,9,1.0,True,True
25349,9,9,1.0,True,True
6715,9,9,1.0,True,True
34567,9,6,0.6666666865348816,False,False
1030,9,7,0.7777777910232544,False,False
22753,9,9,1.0,True,True
11761,9,7,0.7777777910232544,False,False
35896,9,6,0.6666666865348816,False,False
14492,9,9,1.0,True,True
25085,9,3,0.3333333432674408,False,False
20395,9,9,1.0,True,True
4813,9,7,0.7777777910232544,False,False
8994,9,6,0.6666666865348816,False,False
49691,9,9,1.0,True,True
21374,9,6,0.6666666865348816,False,False
30242,9,6,0.6666666865348816,False,False
47578,9,6,0.6666666865348816,False,False
1164,9,9,1.0,True,True
24810,9,9,1.0,True,True
21109,9,9,1.0,True,True
3697,9,6,0.6666666865348816,False,False
11438,9,9,1.0,True,True
4469,9,9,1.0,True,True
9807,9,9,1.0,True,True
47767,9,9,1.0,True,True
6748,9,2,0.2222222238779068,False,False
49184,9,6,0.6666666865348816,False,False
17378,9,9,1.0,True,True
36884,9,9,1.0,True,True
13356,9,9,1.0,True,True
32404,9,6,0.6666666865348816,False,False
42454,9,9,1.0,True,True
46065,9,9,1.0,True,True
11538,9,7,0.7777777910232544,False,False
2008,9,9,1.0,True,True
3221,9,9,1.0,True,True
44996,9,9,1.0,True,True
18762,9,6,0.6666666865348816,False,False
14165,9,9,1.0,True,True
40683,9,6,0.6666666865348816,False,False
25080,9,6,0.6666666865348816,False,False
1822,9,9,1.0,True,True
44661,9,9,1.0,True,True
6848,9,6,0.6666666865348816,False,False
12635,9,9,1.0,True,True
37668,9,9,1.0,True,True
6095,9,9,1.0,True,True
39248,9,9,1.0,True,True
10577,9,9,1.0,True,True
31074,9,9,1.0,True,True
29112,9,9,1.0,True,True
10192,9,4,0.4444444477558136,False,False
314,9,7,0.7777777910232544,False,False
11449,9,9,1.0,True,True
30745,9,9,1.0,True,True
29702,9,6,0.6666666865348816,False,False
27658,9,9,1.0,True,True
23685,9,9,1.0,True,True
28375,9,6,0.6666666865348816,False,False
3085,9,9,1.0,True,True
49371,9,9,1.0,True,True
3751,9,9,1.0,True,True
5048,9,9,1.0,True,True
29186,9,9,1.0,True,True
30708,9,3,0.3333333432674408,False,False
20146,9,6,0.6666666865348816,False,False
32249,9,9,1.0,True,True
4969,9,6,0.6666666865348816,False,False
30525,9,9,1.0,True,True
18494,9,9,1.0,True,True
38064,9,9,1.0,True,True
41836,9,9,1.0,True,True
32752,9,6,0.6666666865348816,False,False
20073,9,2,0.2222222238779068,False,False
26273,9,6,0.6666666865348816,False,False
13649,9,4,0.4444444477558136,False,False
25533,9,9,1.0,True,True
17521,9,9,1.0,True,True
25480,9,9,1.0,True,True
48234,9,9,1.0,True,True
48787,9,6,0.6666666865348816,False,False
32389,9,9,1.0,True,True
5086,9,7,0.7777777910232544,False,False
17252,9,3,0.3333333432674408,False,False
4039,9,6,0.6666666865348816,False,False
18386,9,9,1.0,True,True
4246,9,9,1.0,True,True
18627,9,9,1.0,True,True
879,9,7,0.7777777910232544,False,False
23298,9,9,1.0,True,True
29752,9,9,1.0,True,True
30172,9,6,0.6666666865348816,False,False
28559,9,9,1.0,True,True
18863,9,7,0.7777777910232544,False,False
43343,9,9,1.0,True,True
34210,9,9,1.0,True,True
26083,9,2,0.2222222238779068,False,False
1941,9,6,0.6666666865348816,False,False
22225,9,9,1.0,True,True
44691,9,9,1.0,True,True
43239,9,6,0.6666666865348816,False,False
23859,9,9,1.0,True,True
14158,9,6,0.6666666865348816,False,False
33875,9,9,1.0,True,True
48104,9,9,1.0,True,True
23449,9,9,1.0,True,True
6623,9,9,1.0,True,True
38264,9,9,1.0,True,True
26241,9,6,0.6666666865348816,False,False
47591,9,6,0.6666666865348816,False,False
24155,9,9,1.0,True,True
32058,9,4,0.4444444477558136,False,False
9331,9,9,1.0,True,True
43564,9,6,0.6666666865348816,False,False
3493,9,9,1.0,True,True
4878,9,9,1.0,True,True
47062,9,9,1.0,True,True
998,9,6,0.6666666865348816,False,False
37086,9,9,1.0,True,True
36437,9,6,0.6666666865348816,False,False
34749,9,6,0.6666666865348816,False,False
28616,9,9,1.0,True,True
37095,9,9,1.0,True,True
22810,9,6,0.6666666865348816,False,False
7142,9,7,0.7777777910232544,False,False
21558,9,9,1.0,True,True
9935,9,9,1.0,True,True
4788,9,9,1.0,True,True
30510,9,2,0.2222222238779068,False,False
31189,9,7,0.7777777910232544,False,False
20083,9,9,1.0,True,True
10823,9,9,1.0,True,True
672,9,9,1.0,True,True
15594,9,9,1.0,True,True
43048,9,9,1.0,True,True
21911,9,9,1.0,True,True
11868,9,9,1.0,True,True
34690,9,9,1.0,True,True
11321,9,6,0.6666666865348816,False,False
44211,9,9,1.0,True,True
24614,9,9,1.0,True,True
12005,9,9,1.0,True,True
3939,9,9,1.0,True,True
4613,9,9,1.0,True,True
36759,9,6,0.6666666865348816,False,False
31458,9,9,1.0,True,True
44952,9,9,1.0,True,True
4347,9,7,0.7777777910232544,False,False
39327,9,9,1.0,True,True
49922,9,9,1.0,True,True
22393,9,6,0.6666666865348816,False,False
3156,9,7,0.7777777910232544,False,False
29917,9,9,1.0,True,True
37223,9,9,1.0,True,True
13478,9,5,0.5555555820465088,False,False
13871,9,6,0.6666666865348816,False,False
38555,9,6,0.6666666865348816,False,False
25329,9,9,1.0,True,True
44684,9,0,0.0,False,False
985,9,9,1.0,True,True
37139,9,3,0.3333333432674408,False,False
35033,9,7,0.7777777910232544,False,False
23730,9,6,0.6666666865348816,False,False
7530,9,6,0.6666666865348816,False,False
44394,9,6,0.6666666865348816,False,False
32948,9,9,1.0,True,True
30877,9,6,0.6666666865348816,False,False
29930,9,9,1.0,True,True
23415,9,6,0.6666666865348816,False,False
6059,9,9,1.0,True,True
23679,9,9,1.0,True,True
15940,9,9,1.0,True,True
6948,9,6,0.6666666865348816,False,False
30095,9,9,1.0,True,True
41339,9,9,1.0,True,True
49598,9,9,1.0,True,True
33183,9,9,1.0,True,True
16580,9,6,0.6666666865348816,False,False
1388,9,6,0.6666666865348816,False,False
21350,9,3,0.3333333432674408,False,False
49750,9,6,0.6666666865348816,False,False
34431,9,9,1.0,True,True
24454,9,6,0.6666666865348816,False,False
40359,9,9,1.0,True,True
18577,9,9,1.0,True,True
33451,9,5,0.5555555820465088,False,False
47852,9,9,1.0,True,True
4,9,6,0.6666666865348816,False,False
29182,9,7,0.7777777910232544,False,False
8230,9,9,1.0,True,True
5946,9,9,1.0,True,True
7822,9,9,1.0,True,True
19486,9,9,1.0,True,True
15384,9,9,1.0,True,True
41099,9,9,1.0,True,True
18183,9,9,1.0,True,True
27161,9,6,0.6666666865348816,False,False
11645,9,9,1.0,True,True
24390,9,6,0.6666666865348816,False,False
4850,9,6,0.6666666865348816,False,False
47435,9,9,1.0,True,True
42206,9,9,1.0,True,True
45340,9,6,0.6666666865348816,False,False
28169,9,9,1.0,True,True
3419,9,6,0.6666666865348816,False,False
42590,9,6,0.6666666865348816,False,False
38734,9,9,1.0,True,True
36719,9,6,0.6666666865348816,False,False
29497,9,9,1.0,True,True
4362,9,9,1.0,True,True
4028,9,9,1.0,True,True
3426,9,9,1.0,True,True
20268,9,6,0.6666666865348816,False,False
20057,9,7,0.7777777910232544,False,False
11478,9,6,0.6666666865348816,False,False
47944,9,9,1.0,True,True
29392,9,9,1.0,True,True
29046,9,6,0.6666666865348816,False,False
8564,9,9,1.0,True,True
39506,9,9,1.0,True,True
49804,9,6,0.6666666865348816,False,False
25449,9,6,0.6666666865348816,False,False
34921,9,2,0.2222222238779068,False,False
30477,9,9,1.0,True,True
13519,9,9,1.0,True,True
34007,9,3,0.3333333432674408,False,False
21315,9,1,0.1111111119389534,False,False
42424,9,6,0.6666666865348816,False,False
48900,9,9,1.0,True,True
47632,9,9,1.0,True,True
49788,9,9,1.0,True,True
44231,9,6,0.6666666865348816,False,False
10723,9,9,1.0,True,True
13154,9,6,0.6666666865348816,False,False
13762,9,6,0.6666666865348816,False,False
42811,9,9,1.0,True,True
30803,9,6,0.6666666865348816,False,False
36260,9,9,1.0,True,True
21436,9,6,0.6666666865348816,False,False
25970,9,9,1.0,True,True
32203,9,5,0.5555555820465088,False,False
7180,9,6,0.6666666865348816,False,False
41280,9,4,0.4444444477558136,False,False
28086,9,9,1.0,True,True
13701,9,9,1.0,True,True
1003,9,6,0.6666666865348816,False,False
9058,9,4,0.4444444477558136,False,False
44234,9,9,1.0,True,True
25674,9,7,0.7777777910232544,False,False
45055,9,9,1.0,True,True
35143,9,4,0.4444444477558136,False,False
38162,9,9,1.0,True,True
22476,9,6,0.6666666865348816,False,False
23006,9,6,0.6666666865348816,False,False
45343,9,9,1.0,True,True
36127,9,6,0.6666666865348816,False,False
49709,9,6,0.6666666865348816,False,False
13098,9,6,0.6666666865348816,False,False
37195,9,9,1.0,True,True
4107,9,7,0.7777777910232544,False,False
41335,9,9,1.0,True,True
25222,9,9,1.0,True,True
35839,9,4,0.4444444477558136,False,False
29718,9,6,0.6666666865348816,False,False
46952,9,9,1.0,True,True
29827,9,4,0.4444444477558136,False,False
17542,9,6,0.6666666865348816,False,False
24915,9,5,0.5555555820465088,False,False
4513,9,9,1.0,True,True
19936,9,9,1.0,True,True
46524,9,6,0.6666666865348816,False,False
24510,9,6,0.6666666865348816,False,False
27441,9,9,1.0,True,True
12001,9,9,1.0,True,True
23353,9,9,1.0,True,True
27292,9,9,1.0,True,True
34203,9,6,0.6666666865348816,False,False
12147,9,9,1.0,True,True
15291,9,9,1.0,True,True
46879,9,7,0.7777777910232544,False,False
8690,9,9,1.0,True,True
12653,9,6,0.6666666865348816,False,False
31469,9,9,1.0,True,True
2954,9,6,0.6666666865348816,False,False
3003,9,9,1.0,True,True
15813,9,7,0.7777777910232544,False,False
6656,9,9,1.0,True,True
12773,9,9,1.0,True,True
39530,9,9,1.0,True,True
34407,9,9,1.0,True,True
8836,9,9,1.0,True,True
14617,9,9,1.0,True,True
22835,9,6,0.6666666865348816,False,False
15980,9,6,0.6666666865348816,False,False
37915,9,9,1.0,True,True
1570,9,9,1.0,True,True
35907,9,6,0.6666666865348816,False,False
26089,9,6,0.6666666865348816,False,False
20913,9,9,1.0,True,True
9957,9,9,1.0,True,True
18275,9,4,0.4444444477558136,False,False
15431,9,9,1.0,True,True
23493,9,9,1.0,True,True
15789,9,9,1.0,True,True
35779,9,9,1.0,True,True
11980,9,9,1.0,True,True
44905,9,9,1.0,True,True
35762,9,9,1.0,True,True
27092,9,4,0.4444444477558136,False,False
46834,9,5,0.5555555820465088,False,False
33437,9,9,1.0,True,True
47380,9,9,1.0,True,True
1590,9,9,1.0,True,True
26755,9,6,0.6666666865348816,False,False
21758,9,9,1.0,True,True
3001,9,6,0.6666666865348816,False,False
44111,9,6,0.6666666865348816,False,False
43519,9,6,0.6666666865348816,False,False
628,9,7,0.7777777910232544,False,False
20736,9,9,1.0,True,True
11902,9,9,1.0,True,True
6366,9,9,1.0,True,True
17132,9,5,0.5555555820465088,False,False
9478,9,6,0.6666666865348816,False,False
41870,9,6,0.6666666865348816,False,False
12932,9,9,1.0,True,True
13641,9,9,1.0,True,True
19626,9,4,0.4444444477558136,False,False
9951,9,9,1.0,True,True
28962,9,7,0.7777777910232544,False,False
28445,9,9,1.0,True,True
19698,9,9,1.0,True,True
44223,9,6,0.6666666865348816,False,False
2996,9,9,1.0,True,True
13637,9,6,0.6666666865348816,False,False
22470,9,9,1.0,True,True
36086,9,9,1.0,True,True
28917,9,9,1.0,True,True
17649,9,9,1.0,True,True
27955,9,6,0.6666666865348816,False,False
2854,9,4,0.4444444477558136,False,False
13389,9,6,0.6666666865348816,False,False
13048,9,9,1.0,True,True
22332,9,9,1.0,True,True
30577,9,9,1.0,True,True
34734,9,7,0.7777777910232544,False,False
19538,9,9,1.0,True,True
39586,9,6,0.6666666865348816,False,False
5572,9,6,0.6666666865348816,False,False
47750,9,6,0.6666666865348816,False,False
30963,9,9,1.0,True,True
35495,9,9,1.0,True,True
20262,9,3,0.3333333432674408,False,False
44659,9,3,0.3333333432674408,False,False
21745,9,9,1.0,True,True
47248,9,6,0.6666666865348816,False,False
36227,9,9,1.0,True,True
28786,9,3,0.3333333432674408,False,False
35619,9,9,1.0,True,True
45999,9,9,1.0,True,True
49512,9,9,1.0,True,True
44514,9,7,0.7777777910232544,False,False
28683,9,9,1.0,True,True
31548,9,9,1.0,True,True
31964,9,4,0.4444444477558136,False,False
9433,9,7,0.7777777910232544,False,False
22373,9,4,0.4444444477558136,False,False
21622,9,6,0.6666666865348816,False,False
12451,9,6,0.6666666865348816,False,False
11799,9,6,0.6666666865348816,False,False
31388,9,6,0.6666666865348816,False,False
20768,9,9,1.0,True,True
4828,9,9,1.0,True,True
14589,9,9,1.0,True,True
1507,9,9,1.0,True,True
18612,9,9,1.0,True,True
19302,9,9,1.0,True,True
38309,9,9,1.0,True,True
1738,9,9,1.0,True,True
35875,9,4,0.4444444477558136,False,False
47067,9,6,0.6666666865348816,False,False
5114,9,9,1.0,True,True
24906,9,9,1.0,True,True
7635,9,6,0.6666666865348816,False,False
14398,9,6,0.6666666865348816,False,False
36170,9,6,0.6666666865348816,False,False
9183,9,9,1.0,True,True
36796,9,6,0.6666666865348816,False,False
37622,9,9,1.0,True,True
1655,9,7,0.7777777910232544,False,False
4326,9,9,1.0,True,True
27377,9,6,0.6666666865348816,False,False
19044,9,9,1.0,True,True
44328,9,9,1.0,True,True
9661,9,9,1.0,True,True
15914,9,9,1.0,True,True
25466,9,4,0.4444444477558136,False,False
13610,9,9,1.0,True,True
11670,9,6,0.6666666865348816,False,False
1219,9,6,0.6666666865348816,False,False
38863,9,9,1.0,True,True
12557,9,6,0.6666666865348816,False,False
39143,9,9,1.0,True,True
35508,9,9,1.0,True,True
11852,9,6,0.6666666865348816,False,False
13238,9,7,0.7777777910232544,False,False
29950,9,9,1.0,True,True
27984,9,6,0.6666666865348816,False,False
22090,9,9,1.0,True,True
48989,9,9,1.0,True,True
40639,9,3,0.3333333432674408,False,False
28911,9,6,0.6666666865348816,False,False
8570,9,6,0.6666666865348816,False,False
38431,9,9,1.0,True,True
40525,9,9,1.0,True,True
35549,9,6,0.6666666865348816,False,False
29487,9,9,1.0,True,True
26037,9,4,0.4444444477558136,False,False
19370,9,6,0.6666666865348816,False,False
44734,9,9,1.0,True,True
6915,9,7,0.7777777910232544,False,False
14998,9,9,1.0,True,True
16750,9,9,1.0,True,True
29959,9,9,1.0,True,True
28856,9,6,0.6666666865348816,False,False
38911,9,6,0.6666666865348816,False,False
5843,9,9,1.0,True,True
15769,9,4,0.4444444477558136,False,False
27098,9,6,0.6666666865348816,False,False
34726,9,9,1.0,True,True
20930,9,9,1.0,True,True
12313,9,9,1.0,True,True
8293,9,6,0.6666666865348816,False,False
49408,9,6,0.6666666865348816,False,False
22319,9,6,0.6666666865348816,False,False
20486,9,9,1.0,True,True
22610,9,9,1.0,True,True
12465,9,6,0.6666666865348816,False,False
41512,9,9,1.0,True,True
48609,9,9,1.0,True,True
17672,9,6,0.6666666865348816,False,False
8565,9,6,0.6666666865348816,False,False
42905,9,9,1.0,True,True
33294,9,6,0.6666666865348816,False,False
12928,9,6,0.6666666865348816,False,False
8383,9,6,0.6666666865348816,False,False
26546,9,4,0.4444444477558136,False,False
21160,9,6,0.6666666865348816,False,False
25331,9,0,0.0,False,False
416,9,6,0.6666666865348816,False,False
38313,9,9,1.0,True,True
40758,9,9,1.0,True,True
1406,9,9,1.0,True,True
27988,9,9,1.0,True,True
20657,9,3,0.3333333432674408,False,False
46981,9,6,0.6666666865348816,False,False
29901,9,9,1.0,True,True
32869,9,9,1.0,True,True
21613,9,6,0.6666666865348816,False,False
18692,9,9,1.0,True,True
14462,9,6,0.6666666865348816,False,False
13529,9,6,0.6666666865348816,False,False
29804,9,9,1.0,True,True
1444,9,2,0.2222222238779068,False,False
18218,9,9,1.0,True,True
45063,9,9,1.0,True,True
30646,9,9,1.0,True,True
49167,9,6,0.6666666865348816,False,False
39989,9,9,1.0,True,True
44755,9,6,0.6666666865348816,False,False
48345,9,9,1.0,True,True
42969,9,9,1.0,True,True
20419,9,9,1.0,True,True
10896,9,7,0.7777777910232544,False,False
45620,9,7,0.7777777910232544,False,False
36349,9,9,1.0,True,True
19312,9,7,0.7777777910232544,False,False
5582,9,9,1.0,True,True
6682,9,9,1.0,True,True
30679,9,9,1.0,True,True
28388,9,9,1.0,True,True
6847,9,9,1.0,True,True
15981,9,9,1.0,True,True
33675,9,9,1.0,True,True
47503,9,9,1.0,True,True
7565,9,9,1.0,True,True
20728,9,9,1.0,True,True
7411,9,5,0.5555555820465088,False,False
25354,9,6,0.6666666865348816,False,False
47738,9,4,0.4444444477558136,False,False
9758,9,9,1.0,True,True
9767,9,9,1.0,True,True
7133,9,9,1.0,True,True
28593,9,6,0.6666666865348816,False,False
41209,9,9,1.0,True,True
23111,9,9,1.0,True,True
44346,9,7,0.7777777910232544,False,False
22809,9,9,1.0,True,True
20507,9,9,1.0,True,True
45705,9,6,0.6666666865348816,False,False
21761,9,6,0.6666666865348816,False,False
21495,9,6,0.6666666865348816,False,False
11504,9,9,1.0,True,True
32456,9,9,1.0,True,True
44209,9,9,1.0,True,True
43812,9,4,0.4444444477558136,False,False
18264,9,6,0.6666666865348816,False,False
41114,9,9,1.0,True,True
20034,9,9,1.0,True,True
10075,9,6,0.6666666865348816,False,False
37296,9,9,1.0,True,True
14276,9,9,1.0,True,True
35780,9,6,0.6666666865348816,False,False
16870,9,9,1.0,True,True
4229,9,5,0.5555555820465088,False,False
49029,9,9,1.0,True,True
167,9,6,0.6666666865348816,False,False
14446,9,9,1.0,True,True
36716,9,9,1.0,True,True
36164,9,9,1.0,True,True
14473,9,9,1.0,True,True
44426,9,9,1.0,True,True
46116,9,9,1.0,True,True
30625,9,9,1.0,True,True
9960,9,9,1.0,True,True
38722,9,9,1.0,True,True
28344,9,9,1.0,True,True
16437,9,6,0.6666666865348816,False,False
8853,9,4,0.4444444477558136,False,False
17363,9,9,1.0,True,True
4580,9,9,1.0,True,True
47303,9,9,1.0,True,True
44679,9,6,0.6666666865348816,False,False
15192,9,6,0.6666666865348816,False,False
31447,9,9,1.0,True,True
5525,9,6,0.6666666865348816,False,False
39227,9,3,0.3333333432674408,False,False
3467,9,4,0.4444444477558136,False,False
15073,9,6,0.6666666865348816,False,False
48705,9,6,0.6666666865348816,False,False
13609,9,9,1.0,True,True
18785,9,7,0.7777777910232544,False,False
39757,9,9,1.0,True,True
24216,9,9,1.0,True,True
33985,9,9,1.0,True,True
11625,9,9,1.0,True,True
12136,9,9,1.0,True,True
12628,9,6,0.6666666865348816,False,False
28347,9,6,0.6666666865348816,False,False
43511,9,9,1.0,True,True
5872,9,6,0.6666666865348816,False,False
48243,9,7,0.7777777910232544,False,False
33981,9,9,1.0,True,True
31260,9,9,1.0,True,True
12292,9,9,1.0,True,True
42286,9,9,1.0,True,True
13664,9,6,0.6666666865348816,False,False
